{"cameraMode":{"drawMode":0,"name":"Shaded","section":"Shading Mode"},"sceneLighting":true,"audioPlay":false,"sceneViewState":{"m_AlwaysRefresh":false,"showFog":true,"showSkybox":true,"showFlares":true,"showImageEffects":true,"showParticleSystems":true,"showVisualEffectGraphs":true,"m_FxEnabled":true},"in2DMode":false,"pivot":{"x":1.4900003671646119,"y":4.846948623657227,"z":1.5754365921020508},"rotation":{"x":0.01199803501367569,"y":0.014998314902186394,"z":-0.0001804112980607897,"w":0.9998183250427246},"size":10.027390480041504,"orthographic":false}